﻿{
"e474b255-7273-4204-ac0d-c5ea5320148d": {
"moduleName": "YESBankPOC",
"ownerAppKey": "326d75eb-e3e0-486c-8c55-057237e78f2e",
"homeScreenName": "MainFlow.Employees",
"splashScreenName": null,
"screens": [{
"screenUrl": "InvalidPermissions",
"screenKey": "2b4875e6-4842-4a90-bbe5-5e12808a4563",
"screenName": "Common.InvalidPermissions",
"viewModuleName": "YESBankPOC.Common.InvalidPermissions.mvc$view",
"modelModuleName": "YESBankPOC.Common.InvalidPermissions.mvc$model",
"controllerModuleName": "YESBankPOC.Common.InvalidPermissions.mvc$controller",
"webFlowControllerModuleName": "YESBankPOC.Common.controller"
}, {
"screenUrl": "Login",
"screenKey": "99f0ac75-d4fc-461b-97af-4cef92c6de58",
"screenName": "Common.Login",
"viewModuleName": "YESBankPOC.Common.Login.mvc$view",
"modelModuleName": "YESBankPOC.Common.Login.mvc$model",
"controllerModuleName": "YESBankPOC.Common.Login.mvc$controller",
"webFlowControllerModuleName": "YESBankPOC.Common.controller"
}, {
"screenUrl": "Employees",
"screenKey": "07b46268-3b4c-4444-a66b-61f915683ce2",
"screenName": "MainFlow.Employees",
"viewModuleName": "YESBankPOC.MainFlow.Employees.mvc$view",
"modelModuleName": "YESBankPOC.MainFlow.Employees.mvc$model",
"controllerModuleName": "YESBankPOC.MainFlow.Employees.mvc$controller",
"webFlowControllerModuleName": "YESBankPOC.MainFlow.controller"
}, {
"screenUrl": "EmployeeDetail",
"screenKey": "972144e5-28ba-4146-a855-f6375806bd90",
"screenName": "MainFlow.EmployeeDetail",
"viewModuleName": "YESBankPOC.MainFlow.EmployeeDetail.mvc$view",
"modelModuleName": "YESBankPOC.MainFlow.EmployeeDetail.mvc$model",
"controllerModuleName": "YESBankPOC.MainFlow.EmployeeDetail.mvc$controller",
"webFlowControllerModuleName": "YESBankPOC.MainFlow.controller"
}],
"staticEntities": {}
},
"38b70e23-50fc-4710-80cf-3682a9dc998a": {
"moduleName": "OutSystemsCharts",
"homeScreenName": null,
"splashScreenName": null,
"screens": [],
"staticEntities": {}
},
"8be17f2a-431c-4958-b894-c77b988a7271": {
"moduleName": "OutSystemsUI",
"homeScreenName": null,
"splashScreenName": null,
"screens": [],
"staticEntities": {}
},
"95bb31d1-f079-4fd6-ab2e-5c8326855aaa": {
"moduleName": "OutSystemsMaps",
"homeScreenName": null,
"splashScreenName": null,
"screens": [],
"staticEntities": {}
}
}