﻿{
"3475d833-1c2f-4a08-927c-fe376ba3e08d": {
"moduleName": "YesBankPOCProducts",
"ownerAppKey": "307164f3-bd2d-4dc5-9d7d-979c79bb4d1b",
"homeScreenName": "MainFlow.Products",
"splashScreenName": null,
"screens": [{
"screenUrl": "InvalidPermissions",
"screenKey": "2b4875e6-4842-4a90-bbe5-5e12808a4563",
"screenName": "Common.InvalidPermissions",
"viewModuleName": "YesBankPOCProducts.Common.InvalidPermissions.mvc$view",
"modelModuleName": "YesBankPOCProducts.Common.InvalidPermissions.mvc$model",
"controllerModuleName": "YesBankPOCProducts.Common.InvalidPermissions.mvc$controller",
"webFlowControllerModuleName": "YesBankPOCProducts.Common.controller"
}, {
"screenUrl": "Login",
"screenKey": "99f0ac75-d4fc-461b-97af-4cef92c6de58",
"screenName": "Common.Login",
"viewModuleName": "YesBankPOCProducts.Common.Login.mvc$view",
"modelModuleName": "YesBankPOCProducts.Common.Login.mvc$model",
"controllerModuleName": "YesBankPOCProducts.Common.Login.mvc$controller",
"webFlowControllerModuleName": "YesBankPOCProducts.Common.controller"
}, {
"screenUrl": "ProductDetail",
"screenKey": "47818b57-c718-4eb2-a60c-0327ba2b73d3",
"screenName": "MainFlow.ProductDetail",
"viewModuleName": "YesBankPOCProducts.MainFlow.ProductDetail.mvc$view",
"modelModuleName": "YesBankPOCProducts.MainFlow.ProductDetail.mvc$model",
"controllerModuleName": "YesBankPOCProducts.MainFlow.ProductDetail.mvc$controller",
"webFlowControllerModuleName": "YesBankPOCProducts.MainFlow.controller"
}, {
"screenUrl": "Products",
"screenKey": "ce49e01a-d485-40d5-89ec-481abc9a6dad",
"screenName": "MainFlow.Products",
"viewModuleName": "YesBankPOCProducts.MainFlow.Products.mvc$view",
"modelModuleName": "YesBankPOCProducts.MainFlow.Products.mvc$model",
"controllerModuleName": "YesBankPOCProducts.MainFlow.Products.mvc$controller",
"webFlowControllerModuleName": "YesBankPOCProducts.MainFlow.controller"
}],
"staticEntities": {}
},
"38b70e23-50fc-4710-80cf-3682a9dc998a": {
"moduleName": "OutSystemsCharts",
"homeScreenName": null,
"splashScreenName": null,
"screens": [],
"staticEntities": {}
},
"47a79537-db1b-4dab-bfba-354f95935ad0": {
"moduleName": "OutSystemsSampleDataDB",
"homeScreenName": null,
"splashScreenName": null,
"screens": [],
"staticEntities": {}
},
"8be17f2a-431c-4958-b894-c77b988a7271": {
"moduleName": "OutSystemsUI",
"homeScreenName": null,
"splashScreenName": null,
"screens": [],
"staticEntities": {}
},
"95bb31d1-f079-4fd6-ab2e-5c8326855aaa": {
"moduleName": "OutSystemsMaps",
"homeScreenName": null,
"splashScreenName": null,
"screens": [],
"staticEntities": {}
}
}