{"swagger":"2.0","info":{"title":"connected_banking","description":"Digital Onboarding for Connected banking &amp; API Banking","version":"1"},"basePath":"/DigitalOnboarding_CS/rest/connected_banking","schemes":["https"],"paths":{"/createOnboardingRequest":{"post":{"tags":["connected_banking"],"description":"This API is used to create a request for on boarding.\nAPI accepts custom authentication.\nTo authentication you will require ClientId and Client Secret\nAccepted Headers:\nX-Yes-Client-Id\nX-Yes-Client-Secret","operationId":"createOnboardingRequest","consumes":["application/json"],"produces":["application/json"],"parameters":[{"name":"Request","in":"body","description":"API will accept listed input JSON","required":true,"schema":{"$ref":"#/definitions/OnboardingRequest"}}],"responses":{"200":{"description":"API will respond with verification status as SUCCESS or FAIL depending on the authenticity of the data.","schema":{"$ref":"#/definitions/ApiResponse"}}}}},"/getStatus":{"post":{"tags":["connected_banking"],"description":"Get the status for onboarding requests initiated for a customer by a vendor.","operationId":"getStatus","consumes":["application/json"],"produces":["application/json"],"parameters":[{"name":"Request","in":"body","description":"If requestId is passed in the request, the status of the corresponding request would be passed. If not passed, the status of all the requests initiated for that customer by the partner would be sent in the response.","required":true,"schema":{"$ref":"#/definitions/StatusRequest"}}],"responses":{"200":{"description":"API will respond with verification status as SUCCESS or FAIL depending on the authenticity of the data.","schema":{"$ref":"#/definitions/StatusResponse"}}}}}},"definitions":{"ApiResponse":{"description":"","type":"object","properties":{"code":{"type":"string","default":""},"message":{"type":"string","default":""},"requestId":{"type":"string","default":""},"Errors":{"type":"array","items":{"type":"string","default":""}}}},"CustStatusItem":{"description":"","type":"object","properties":{"requestId":{"type":"string","default":""},"product":{"type":"string","default":""},"status":{"type":"string","default":""}}},"OnboardingRequest":{"description":"","type":"object","properties":{"accountNumber":{"type":"string","default":""},"requestID":{"type":"string","default":""},"product":{"type":"string","default":""},"source":{"type":"string","default":""},"subSource":{"type":"string","default":""},"partnerName":{"type":"string","default":""},"appId":{"type":"string","default":""},"custIdPartner":{"type":"string","default":""},"custIdCustomer":{"type":"string","default":""},"emailId":{"type":"string","default":""},"mobileNo":{"type":"string","default":""},"panNo":{"type":"string","default":""},"orgId":{"type":"string","default":""},"productId":{"type":"integer","example":1234567891234567,"format":"int64"},"timeStamp":{"type":"string","default":""}},"required":["AccountNumber","CustIdCustomer","ProductId"]},"StatusRequest":{"description":"","type":"object","properties":{"customerId":{"type":"string","default":""},"requestId":{"type":"string","default":""},"appId":{"type":"string","default":""}}},"StatusResponse":{"description":"","type":"object","properties":{"code":{"type":"string","default":""},"message":{"type":"string","default":""},"custStatus":{"type":"array","items":{"$ref":"#/definitions/CustStatusItem"}}}}},"tags":[{"name":"connected_banking"}]}