{"swagger":"2.0","info":{"title":"RESTAPI1","description":"","version":"1"},"basePath":"/DigitalOnboarding_CS/rest/RESTAPI1","schemes":["https"],"paths":{"/AddBranch":{"post":{"tags":["RESTAPI1"],"description":"","operationId":"AddBranch","consumes":["application/json"],"produces":["text/plain"],"parameters":[{"name":"Request","in":"body","description":"","required":true,"schema":{"$ref":"#/definitions/Branch"}}],"responses":{"200":{"description":"","schema":{"type":"string","default":""}}}}}},"definitions":{"Branch":{"description":"","type":"object","properties":{"Id":{"type":"integer","example":1234567891234567,"format":"int64"},"BranchCode":{"type":"string","default":""},"BranchLocation":{"type":"string","default":""},"BranchAddress":{"type":"string","default":""},"CountryId":{"type":"integer","example":1234567891234567,"format":"int64"},"CityId":{"type":"integer","example":1234567891234567,"format":"int64"},"StateId":{"type":"integer","example":1234567891234567,"format":"int64"},"BranchName":{"type":"string","default":""},"State":{"type":"string","default":""},"IsActive":{"type":"boolean","example":false}},"required":["Id"]}},"tags":[{"name":"RESTAPI1"}]}